threshold,precision,recall,f2,review_rate,review_count,tp,fn,fp,tn
0.05,0.3219954648526077,1.0,0.7036669970267592,0.9966101694915255,882,284,0,598,3
0.06,0.33690476190476193,0.9964788732394366,0.7160931174089069,0.9491525423728814,840,283,1,557,44
0.07,0.35621761658031087,0.9683098591549296,0.7206498951781971,0.8723163841807909,772,275,9,497,104
0.08,0.3814147018030513,0.9683098591549296,0.7404415724286484,0.8146892655367232,721,275,9,446,155
0.09,0.4035608308605341,0.9577464788732394,0.7513812154696132,0.7615819209039548,674,272,12,402,199
0.1,0.424483306836248,0.9401408450704225,0.7563739376770539,0.7107344632768362,629,267,17,362,239
0.11,0.43812709030100333,0.9225352112676056,0.7554786620530565,0.6757062146892655,598,262,22,336,265
0.12,0.4562937062937063,0.9190140845070423,0.7640515222482436,0.6463276836158192,572,261,23,311,290
0.13,0.4716636197440585,0.9084507042253521,0.7664884135472371,0.6180790960451977,547,258,26,289,312
0.14,0.48484848484848486,0.9014084507042254,0.7692307692307693,0.5966101694915255,528,256,28,272,329
0.15,0.49320388349514566,0.8943661971830986,0.7692307692307693,0.5819209039548022,515,254,30,261,340
0.16,0.501002004008016,0.8802816901408451,0.764525993883792,0.5638418079096045,499,250,34,249,352
0.17,0.5133470225872689,0.8802816901408451,0.7701786814540974,0.5502824858757062,487,250,34,237,364
0.18,0.524416135881104,0.8697183098591549,0.7685127566894835,0.5322033898305085,471,247,37,224,377
0.19,0.5359477124183006,0.8661971830985915,0.7711598746081505,0.5186440677966102,459,246,38,213,388
0.2,0.5472972972972973,0.8556338028169014,0.7689873417721519,0.5016949152542373,444,243,41,201,400
0.21,0.5568445475638051,0.8450704225352113,0.7657945118059988,0.48700564971751414,431,240,44,191,410
0.22,0.5626477541371159,0.8380281690140845,0.7633098139833226,0.47796610169491527,423,238,46,185,416
0.23,0.573170731707317,0.8274647887323944,0.7600258732212161,0.4632768361581921,410,235,49,175,426
0.24,0.5810473815461347,0.8204225352112676,0.7579700715679896,0.45310734463276836,401,233,51,168,433
0.25,0.5877862595419847,0.8133802816901409,0.7553956834532374,0.4440677966101695,393,231,53,162,439
0.26,0.6074270557029178,0.8063380281690141,0.7567746199603437,0.42598870056497173,377,229,55,148,453
0.27,0.6191780821917808,0.795774647887324,0.7528314457028648,0.4124293785310734,365,226,58,139,462
0.28,0.6271186440677966,0.7816901408450704,0.7449664429530202,0.4,354,222,62,132,469
0.29,0.6384839650145773,0.7711267605633803,0.7403651115618661,0.38757062146892657,343,219,65,124,477
0.3,0.6477611940298508,0.7640845070422535,0.7375934738273283,0.3785310734463277,335,217,67,118,483
0.31,0.6534954407294833,0.7570422535211268,0.7337883959044369,0.37175141242937854,329,215,69,114,487
0.32,0.6635514018691588,0.75,0.7309540150995195,0.36271186440677966,321,213,71,108,493
0.33,0.6753246753246753,0.7323943661971831,0.7202216066481995,0.3480225988700565,308,208,76,100,501
0.34,0.6868686868686869,0.7183098591549296,0.7117934403349616,0.33559322033898303,297,204,80,93,508
0.35,0.6917808219178082,0.7112676056338029,0.7072829131652661,0.32994350282485874,292,202,82,90,511
0.36,0.6944444444444444,0.704225352112676,0.702247191011236,0.3254237288135593,288,200,84,88,513
0.37,0.7,0.6901408450704225,0.692090395480226,0.3163841807909605,280,196,88,84,517
0.38,0.7007299270072993,0.676056338028169,0.6808510638297872,0.3096045197740113,274,192,92,82,519
0.39,0.7169811320754716,0.6690140845070423,0.6780870806566738,0.2994350282485876,265,190,94,75,526
0.4,0.7237354085603113,0.6549295774647887,0.6676238334529792,0.2903954802259887,257,186,98,71,530
0.41,0.7312252964426877,0.6514084507042254,0.665946724262059,0.2858757062146893,253,185,99,68,533
0.42,0.7368421052631579,0.6408450704225352,0.6579898770788142,0.2790960451977401,247,182,102,65,536
0.43,0.7489711934156379,0.6408450704225352,0.6598984771573604,0.2745762711864407,243,182,102,61,540
0.44,0.7468354430379747,0.6232394366197183,0.6445739257101238,0.2677966101694915,237,177,107,60,541
0.45,0.7478632478632479,0.6161971830985915,0.6386861313868614,0.26440677966101694,234,175,109,59,542
0.46,0.7631578947368421,0.6126760563380281,0.6378299120234604,0.2576271186440678,228,174,110,54,547
0.47,0.7623318385650224,0.5985915492957746,0.6254598969830758,0.2519774011299435,223,170,114,53,548
0.48,0.7636363636363637,0.5915492957746479,0.6194690265486725,0.24858757062146894,220,168,116,52,549
0.49,0.7757009345794392,0.5845070422535211,0.6148148148148148,0.24180790960451978,214,166,118,48,553
0.5,0.7772511848341233,0.5774647887323944,0.6087602078693393,0.2384180790960452,211,164,120,47,554
0.51,0.7740384615384616,0.5669014084507042,0.5989583333333334,0.23502824858757063,208,161,123,47,554
0.52,0.7733990147783252,0.5528169014084507,0.5862584017923824,0.22937853107344633,203,157,127,46,555
0.53,0.775,0.545774647887324,0.5800898203592815,0.22598870056497175,200,155,129,45,556
0.54,0.7766497461928934,0.5387323943661971,0.5738934733683421,0.22259887005649717,197,153,131,44,557
0.55,0.7736842105263158,0.5176056338028169,0.5542986425339367,0.21468926553672316,190,147,137,43,558
0.56,0.7837837837837838,0.5105633802816901,0.5488266464799394,0.20903954802259886,185,145,139,40,561
0.57,0.7967032967032966,0.5105633802816901,0.5500758725341427,0.20564971751412428,182,145,139,37,564
0.58,0.8,0.49295774647887325,0.5339435545385202,0.1977401129943503,175,140,144,35,566
0.59,0.8034682080924855,0.4894366197183099,0.5309396485867074,0.19548022598870057,173,139,145,34,567
0.6,0.8106508875739645,0.4823943661971831,0.524904214559387,0.19096045197740114,169,137,147,32,569
0.61,0.8143712574850299,0.4788732394366197,0.5218726016884113,0.18870056497175142,167,136,148,31,570
0.62,0.8159509202453987,0.46830985915492956,0.5119322555812164,0.18418079096045198,163,133,151,30,571
0.63,0.8125,0.45774647887323944,0.5015432098765432,0.1807909604519774,160,130,154,30,571
0.64,0.8258064516129032,0.4507042253521127,0.4957397366382649,0.1751412429378531,155,128,156,27,574
0.65,0.8258064516129032,0.4507042253521127,0.4957397366382649,0.1751412429378531,155,128,156,27,574
0.66,0.8223684210526315,0.44014084507042256,0.48524844720496896,0.17175141242937852,152,125,159,27,574
0.67,0.8266666666666667,0.43661971830985913,0.4821150855365474,0.1694915254237288,150,124,160,26,575
0.68,0.8266666666666667,0.43661971830985913,0.4821150855365474,0.1694915254237288,150,124,160,26,575
0.69,0.8424657534246576,0.43309859154929575,0.4797191887675507,0.16497175141242937,146,123,161,23,578
0.7,0.8391608391608392,0.4225352112676056,0.4691164972634871,0.1615819209039548,143,120,164,23,578
0.71,0.8394160583941606,0.40492957746478875,0.4516889238020424,0.15480225988700566,137,115,169,22,579
0.72,0.8682170542635659,0.39436619718309857,0.4426877470355731,0.14576271186440679,129,112,172,17,584
0.73,0.8861788617886179,0.38380281690140844,0.4328832406671962,0.13898305084745763,123,109,175,14,587
0.74,0.8842975206611571,0.3767605633802817,0.42561654733492443,0.1367231638418079,121,107,177,14,587
0.75,0.8907563025210085,0.3732394366197183,0.42231075697211157,0.1344632768361582,119,106,178,13,588
0.76,0.8947368421052632,0.3591549295774648,0.408,0.1288135593220339,114,102,182,12,589
0.77,0.9166666666666666,0.3485915492957746,0.3979099678456592,0.12203389830508475,108,99,185,9,592
0.78,0.9142857142857143,0.3380281690140845,0.38678485092667203,0.11864406779661017,105,96,188,9,592
0.79,0.9108910891089109,0.323943661971831,0.3718674211802749,0.11412429378531073,101,92,192,9,592
0.8,0.9090909090909091,0.31690140845070425,0.3643724696356275,0.11186440677966102,99,90,194,9,592
0.81,0.9120879120879121,0.29225352112676056,0.3382233088834556,0.10282485875706214,91,83,201,8,593
0.82,0.9186046511627907,0.27816901408450706,0.323240589198036,0.09717514124293786,86,79,205,7,594
0.83,0.9382716049382716,0.2676056338028169,0.3122432210353328,0.09152542372881356,81,76,208,5,596
0.84,0.9459459459459459,0.24647887323943662,0.2892561983471074,0.08361581920903954,74,70,214,4,597
0.85,0.9428571428571428,0.2323943661971831,0.2736318407960199,0.07909604519774012,70,66,218,4,597
0.86,0.9344262295081968,0.2007042253521127,0.23809523809523808,0.06892655367231638,61,57,227,4,597
0.87,0.9444444444444444,0.1795774647887324,0.21428571428571427,0.061016949152542375,54,51,233,3,598
0.88,0.9787234042553191,0.1619718309859155,0.1944209636517329,0.05310734463276836,47,46,238,1,600
0.89,0.9705882352941176,0.11619718309859155,0.14102564102564102,0.0384180790960452,34,33,251,1,600
0.9,0.9565217391304348,0.07746478873239436,0.09490940465918896,0.02598870056497175,23,22,262,1,600
0.91,1.0,0.02464788732394366,0.03062117235345582,0.007909604519774011,7,7,277,0,601
0.92,0.0,0.0,0.0,0.0,0,0,284,0,601
0.93,0.0,0.0,0.0,0.0,0,0,284,0,601
0.94,0.0,0.0,0.0,0.0,0,0,284,0,601
0.95,0.0,0.0,0.0,0.0,0,0,284,0,601
